{"Version":1,"ManifestType":"Publish","Endpoints":[{"Route":"_framework/blazor.server.iz83ucvm53.js","AssetFile":"_framework/blazor.server.js","Selectors":[],"ResponseHeaders":[{"Name":"Cache-Control","Value":"max-age=31536000, immutable"},{"Name":"Content-Length","Value":"164838"},{"Name":"Content-Type","Value":"text/javascript"},{"Name":"ETag","Value":"\"wrHv5evrfrCvb72QC1LnEb6fI61mOQsc3okGKrNJHzU=\""},{"Name":"Last-Modified","Value":"Fri, 12 Dec 2025 17:39:14 GMT"},{"Name":"Vary","Value":"Accept-Encoding"}],"EndpointProperties":[{"Name":"fingerprint","Value":"iz83ucvm53"},{"Name":"integrity","Value":"sha256-wrHv5evrfrCvb72QC1LnEb6fI61mOQsc3okGKrNJHzU="},{"Name":"label","Value":"_framework/blazor.server.js"}]},{"Route":"_framework/blazor.server.iz83ucvm53.js","AssetFile":"_framework/blazor.server.js.gz","Selectors":[{"Name":"Content-Encoding","Value":"gzip","Quality":"0.000022396417"}],"ResponseHeaders":[{"Name":"Cache-Control","Value":"max-age=31536000, immutable"},{"Name":"Content-Encoding","Value":"gzip"},{"Name":"Content-Length","Value":"44649"},{"Name":"Content-Type","Value":"text/javascript"},{"Name":"ETag","Value":"\"q/TFMuJ+nouW+E1uCL+NQpdTtET8LSu7QUWsUrxPDtI=\""},{"Name":"Last-Modified","Value":"Mon, 09 Feb 2026 23:26:07 GMT"},{"Name":"Vary","Value":"Accept-Encoding"}],"EndpointProperties":[{"Name":"fingerprint","Value":"iz83ucvm53"},{"Name":"integrity","Value":"sha256-wrHv5evrfrCvb72QC1LnEb6fI61mOQsc3okGKrNJHzU="},{"Name":"label","Value":"_framework/blazor.server.js"},{"Name":"original-resource","Value":"\"wrHv5evrfrCvb72QC1LnEb6fI61mOQsc3okGKrNJHzU=\""}]},{"Route":"_framework/blazor.server.iz83ucvm53.js","AssetFile":"_framework/blazor.server.js.br","Selectors":[{"Name":"Content-Encoding","Value":"br","Quality":"0.000025972677"}],"ResponseHeaders":[{"Name":"Cache-Control","Value":"max-age=31536000, immutable"},{"Name":"Content-Encoding","Value":"br"},{"Name":"Content-Length","Value":"38501"},{"Name":"Content-Type","Value":"text/javascript"},{"Name":"ETag","Value":"\"CeuH1yYuQvuSQ21cxQBzj5lW5lUAKyTU6/LjhYml3Qc=\""},{"Name":"Last-Modified","Value":"Mon, 09 Feb 2026 23:26:10 GMT"},{"Name":"Vary","Value":"Accept-Encoding"}],"EndpointProperties":[{"Name":"fingerprint","Value":"iz83ucvm53"},{"Name":"integrity","Value":"sha256-wrHv5evrfrCvb72QC1LnEb6fI61mOQsc3okGKrNJHzU="},{"Name":"label","Value":"_framework/blazor.server.js"},{"Name":"original-resource","Value":"\"wrHv5evrfrCvb72QC1LnEb6fI61mOQsc3okGKrNJHzU=\""}]},{"Route":"_framework/blazor.server.iz83ucvm53.js.br","AssetFile":"_framework/blazor.server.js.br","Selectors":[],"ResponseHeaders":[{"Name":"Cache-Control","Value":"max-age=31536000, immutable"},{"Name":"Content-Encoding","Value":"br"},{"Name":"Content-Length","Value":"38501"},{"Name":"Content-Type","Value":"text/javascript"},{"Name":"ETag","Value":"\"CeuH1yYuQvuSQ21cxQBzj5lW5lUAKyTU6/LjhYml3Qc=\""},{"Name":"Last-Modified","Value":"Mon, 09 Feb 2026 23:26:10 GMT"},{"Name":"Vary","Value":"Accept-Encoding"}],"EndpointProperties":[{"Name":"fingerprint","Value":"iz83ucvm53"},{"Name":"integrity","Value":"sha256-CeuH1yYuQvuSQ21cxQBzj5lW5lUAKyTU6/LjhYml3Qc="},{"Name":"label","Value":"_framework/blazor.server.js.br"}]},{"Route":"_framework/blazor.server.iz83ucvm53.js.gz","AssetFile":"_framework/blazor.server.js.gz","Selectors":[],"ResponseHeaders":[{"Name":"Cache-Control","Value":"max-age=31536000, immutable"},{"Name":"Content-Encoding","Value":"gzip"},{"Name":"Content-Length","Value":"44649"},{"Name":"Content-Type","Value":"text/javascript"},{"Name":"ETag","Value":"\"q/TFMuJ+nouW+E1uCL+NQpdTtET8LSu7QUWsUrxPDtI=\""},{"Name":"Last-Modified","Value":"Mon, 09 Feb 2026 23:26:07 GMT"},{"Name":"Vary","Value":"Accept-Encoding"}],"EndpointProperties":[{"Name":"fingerprint","Value":"iz83ucvm53"},{"Name":"integrity","Value":"sha256-q/TFMuJ+nouW+E1uCL+NQpdTtET8LSu7QUWsUrxPDtI="},{"Name":"label","Value":"_framework/blazor.server.js.gz"}]},{"Route":"_framework/blazor.server.js","AssetFile":"_framework/blazor.server.js","Selectors":[],"ResponseHeaders":[{"Name":"Cache-Control","Value":"no-cache"},{"Name":"Content-Length","Value":"164838"},{"Name":"Content-Type","Value":"text/javascript"},{"Name":"ETag","Value":"\"wrHv5evrfrCvb72QC1LnEb6fI61mOQsc3okGKrNJHzU=\""},{"Name":"Last-Modified","Value":"Fri, 12 Dec 2025 17:39:14 GMT"},{"Name":"Vary","Value":"Accept-Encoding"}],"EndpointProperties":[{"Name":"integrity","Value":"sha256-wrHv5evrfrCvb72QC1LnEb6fI61mOQsc3okGKrNJHzU="}]},{"Route":"_framework/blazor.server.js","AssetFile":"_framework/blazor.server.js.gz","Selectors":[{"Name":"Content-Encoding","Value":"gzip","Quality":"0.000022396417"}],"ResponseHeaders":[{"Name":"Cache-Control","Value":"no-cache"},{"Name":"Content-Encoding","Value":"gzip"},{"Name":"Content-Length","Value":"44649"},{"Name":"Content-Type","Value":"text/javascript"},{"Name":"ETag","Value":"\"q/TFMuJ+nouW+E1uCL+NQpdTtET8LSu7QUWsUrxPDtI=\""},{"Name":"Last-Modified","Value":"Mon, 09 Feb 2026 23:26:07 GMT"},{"Name":"Vary","Value":"Accept-Encoding"}],"EndpointProperties":[{"Name":"integrity","Value":"sha256-wrHv5evrfrCvb72QC1LnEb6fI61mOQsc3okGKrNJHzU="},{"Name":"original-resource","Value":"\"wrHv5evrfrCvb72QC1LnEb6fI61mOQsc3okGKrNJHzU=\""}]},{"Route":"_framework/blazor.server.js","AssetFile":"_framework/blazor.server.js.br","Selectors":[{"Name":"Content-Encoding","Value":"br","Quality":"0.000025972677"}],"ResponseHeaders":[{"Name":"Cache-Control","Value":"no-cache"},{"Name":"Content-Encoding","Value":"br"},{"Name":"Content-Length","Value":"38501"},{"Name":"Content-Type","Value":"text/javascript"},{"Name":"ETag","Value":"\"CeuH1yYuQvuSQ21cxQBzj5lW5lUAKyTU6/LjhYml3Qc=\""},{"Name":"Last-Modified","Value":"Mon, 09 Feb 2026 23:26:10 GMT"},{"Name":"Vary","Value":"Accept-Encoding"}],"EndpointProperties":[{"Name":"integrity","Value":"sha256-wrHv5evrfrCvb72QC1LnEb6fI61mOQsc3okGKrNJHzU="},{"Name":"original-resource","Value":"\"wrHv5evrfrCvb72QC1LnEb6fI61mOQsc3okGKrNJHzU=\""}]},{"Route":"_framework/blazor.server.js.br","AssetFile":"_framework/blazor.server.js.br","Selectors":[],"ResponseHeaders":[{"Name":"Cache-Control","Value":"no-cache"},{"Name":"Content-Encoding","Value":"br"},{"Name":"Content-Length","Value":"38501"},{"Name":"Content-Type","Value":"text/javascript"},{"Name":"ETag","Value":"\"CeuH1yYuQvuSQ21cxQBzj5lW5lUAKyTU6/LjhYml3Qc=\""},{"Name":"Last-Modified","Value":"Mon, 09 Feb 2026 23:26:10 GMT"},{"Name":"Vary","Value":"Accept-Encoding"}],"EndpointProperties":[{"Name":"integrity","Value":"sha256-CeuH1yYuQvuSQ21cxQBzj5lW5lUAKyTU6/LjhYml3Qc="}]},{"Route":"_framework/blazor.server.js.gz","AssetFile":"_framework/blazor.server.js.gz","Selectors":[],"ResponseHeaders":[{"Name":"Cache-Control","Value":"no-cache"},{"Name":"Content-Encoding","Value":"gzip"},{"Name":"Content-Length","Value":"44649"},{"Name":"Content-Type","Value":"text/javascript"},{"Name":"ETag","Value":"\"q/TFMuJ+nouW+E1uCL+NQpdTtET8LSu7QUWsUrxPDtI=\""},{"Name":"Last-Modified","Value":"Mon, 09 Feb 2026 23:26:07 GMT"},{"Name":"Vary","Value":"Accept-Encoding"}],"EndpointProperties":[{"Name":"integrity","Value":"sha256-q/TFMuJ+nouW+E1uCL+NQpdTtET8LSu7QUWsUrxPDtI="}]},{"Route":"_framework/blazor.web.2i0r6wwb69.js","AssetFile":"_framework/blazor.web.js","Selectors":[],"ResponseHeaders":[{"Name":"Cache-Control","Value":"max-age=31536000, immutable"},{"Name":"Content-Length","Value":"200213"},{"Name":"Content-Type","Value":"text/javascript"},{"Name":"ETag","Value":"\"tr6FenuttHLAke0P1CkYvfEJEDXMCEoMbGM6BPu3Sk4=\""},{"Name":"Last-Modified","Value":"Fri, 12 Dec 2025 17:39:20 GMT"},{"Name":"Vary","Value":"Accept-Encoding"}],"EndpointProperties":[{"Name":"fingerprint","Value":"2i0r6wwb69"},{"Name":"integrity","Value":"sha256-tr6FenuttHLAke0P1CkYvfEJEDXMCEoMbGM6BPu3Sk4="},{"Name":"label","Value":"_framework/blazor.web.js"}]},{"Route":"_framework/blazor.web.2i0r6wwb69.js","AssetFile":"_framework/blazor.web.js.gz","Selectors":[{"Name":"Content-Encoding","Value":"gzip","Quality":"0.000017976235"}],"ResponseHeaders":[{"Name":"Cache-Control","Value":"max-age=31536000, immutable"},{"Name":"Content-Encoding","Value":"gzip"},{"Name":"Content-Length","Value":"55628"},{"Name":"Content-Type","Value":"text/javascript"},{"Name":"ETag","Value":"\"njY5hJga4Ab2LAKKiY53Yt9zLWTgbw9gGNPZwxxC8I4=\""},{"Name":"Last-Modified","Value":"Mon, 09 Feb 2026 23:26:07 GMT"},{"Name":"Vary","Value":"Accept-Encoding"}],"EndpointProperties":[{"Name":"fingerprint","Value":"2i0r6wwb69"},{"Name":"integrity","Value":"sha256-tr6FenuttHLAke0P1CkYvfEJEDXMCEoMbGM6BPu3Sk4="},{"Name":"label","Value":"_framework/blazor.web.js"},{"Name":"original-resource","Value":"\"tr6FenuttHLAke0P1CkYvfEJEDXMCEoMbGM6BPu3Sk4=\""}]},{"Route":"_framework/blazor.web.2i0r6wwb69.js","AssetFile":"_framework/blazor.web.js.br","Selectors":[{"Name":"Content-Encoding","Value":"br","Quality":"0.000021038901"}],"ResponseHeaders":[{"Name":"Cache-Control","Value":"max-age=31536000, immutable"},{"Name":"Content-Encoding","Value":"br"},{"Name":"Content-Length","Value":"47530"},{"Name":"Content-Type","Value":"text/javascript"},{"Name":"ETag","Value":"\"/DRPwpRheh2JU5SVaNhWFHcdYAKO9LZyeW7c5PhwKeQ=\""},{"Name":"Last-Modified","Value":"Mon, 09 Feb 2026 23:26:10 GMT"},{"Name":"Vary","Value":"Accept-Encoding"}],"EndpointProperties":[{"Name":"fingerprint","Value":"2i0r6wwb69"},{"Name":"integrity","Value":"sha256-tr6FenuttHLAke0P1CkYvfEJEDXMCEoMbGM6BPu3Sk4="},{"Name":"label","Value":"_framework/blazor.web.js"},{"Name":"original-resource","Value":"\"tr6FenuttHLAke0P1CkYvfEJEDXMCEoMbGM6BPu3Sk4=\""}]},{"Route":"_framework/blazor.web.2i0r6wwb69.js.br","AssetFile":"_framework/blazor.web.js.br","Selectors":[],"ResponseHeaders":[{"Name":"Cache-Control","Value":"max-age=31536000, immutable"},{"Name":"Content-Encoding","Value":"br"},{"Name":"Content-Length","Value":"47530"},{"Name":"Content-Type","Value":"text/javascript"},{"Name":"ETag","Value":"\"/DRPwpRheh2JU5SVaNhWFHcdYAKO9LZyeW7c5PhwKeQ=\""},{"Name":"Last-Modified","Value":"Mon, 09 Feb 2026 23:26:10 GMT"},{"Name":"Vary","Value":"Accept-Encoding"}],"EndpointProperties":[{"Name":"fingerprint","Value":"2i0r6wwb69"},{"Name":"integrity","Value":"sha256-/DRPwpRheh2JU5SVaNhWFHcdYAKO9LZyeW7c5PhwKeQ="},{"Name":"label","Value":"_framework/blazor.web.js.br"}]},{"Route":"_framework/blazor.web.2i0r6wwb69.js.gz","AssetFile":"_framework/blazor.web.js.gz","Selectors":[],"ResponseHeaders":[{"Name":"Cache-Control","Value":"max-age=31536000, immutable"},{"Name":"Content-Encoding","Value":"gzip"},{"Name":"Content-Length","Value":"55628"},{"Name":"Content-Type","Value":"text/javascript"},{"Name":"ETag","Value":"\"njY5hJga4Ab2LAKKiY53Yt9zLWTgbw9gGNPZwxxC8I4=\""},{"Name":"Last-Modified","Value":"Mon, 09 Feb 2026 23:26:07 GMT"},{"Name":"Vary","Value":"Accept-Encoding"}],"EndpointProperties":[{"Name":"fingerprint","Value":"2i0r6wwb69"},{"Name":"integrity","Value":"sha256-njY5hJga4Ab2LAKKiY53Yt9zLWTgbw9gGNPZwxxC8I4="},{"Name":"label","Value":"_framework/blazor.web.js.gz"}]},{"Route":"_framework/blazor.web.js","AssetFile":"_framework/blazor.web.js","Selectors":[],"ResponseHeaders":[{"Name":"Cache-Control","Value":"no-cache"},{"Name":"Content-Length","Value":"200213"},{"Name":"Content-Type","Value":"text/javascript"},{"Name":"ETag","Value":"\"tr6FenuttHLAke0P1CkYvfEJEDXMCEoMbGM6BPu3Sk4=\""},{"Name":"Last-Modified","Value":"Fri, 12 Dec 2025 17:39:20 GMT"},{"Name":"Vary","Value":"Accept-Encoding"}],"EndpointProperties":[{"Name":"integrity","Value":"sha256-tr6FenuttHLAke0P1CkYvfEJEDXMCEoMbGM6BPu3Sk4="}]},{"Route":"_framework/blazor.web.js","AssetFile":"_framework/blazor.web.js.gz","Selectors":[{"Name":"Content-Encoding","Value":"gzip","Quality":"0.000017976235"}],"ResponseHeaders":[{"Name":"Cache-Control","Value":"no-cache"},{"Name":"Content-Encoding","Value":"gzip"},{"Name":"Content-Length","Value":"55628"},{"Name":"Content-Type","Value":"text/javascript"},{"Name":"ETag","Value":"\"njY5hJga4Ab2LAKKiY53Yt9zLWTgbw9gGNPZwxxC8I4=\""},{"Name":"Last-Modified","Value":"Mon, 09 Feb 2026 23:26:07 GMT"},{"Name":"Vary","Value":"Accept-Encoding"}],"EndpointProperties":[{"Name":"integrity","Value":"sha256-tr6FenuttHLAke0P1CkYvfEJEDXMCEoMbGM6BPu3Sk4="},{"Name":"original-resource","Value":"\"tr6FenuttHLAke0P1CkYvfEJEDXMCEoMbGM6BPu3Sk4=\""}]},{"Route":"_framework/blazor.web.js","AssetFile":"_framework/blazor.web.js.br","Selectors":[{"Name":"Content-Encoding","Value":"br","Quality":"0.000021038901"}],"ResponseHeaders":[{"Name":"Cache-Control","Value":"no-cache"},{"Name":"Content-Encoding","Value":"br"},{"Name":"Content-Length","Value":"47530"},{"Name":"Content-Type","Value":"text/javascript"},{"Name":"ETag","Value":"\"/DRPwpRheh2JU5SVaNhWFHcdYAKO9LZyeW7c5PhwKeQ=\""},{"Name":"Last-Modified","Value":"Mon, 09 Feb 2026 23:26:10 GMT"},{"Name":"Vary","Value":"Accept-Encoding"}],"EndpointProperties":[{"Name":"integrity","Value":"sha256-tr6FenuttHLAke0P1CkYvfEJEDXMCEoMbGM6BPu3Sk4="},{"Name":"original-resource","Value":"\"tr6FenuttHLAke0P1CkYvfEJEDXMCEoMbGM6BPu3Sk4=\""}]},{"Route":"_framework/blazor.web.js.br","AssetFile":"_framework/blazor.web.js.br","Selectors":[],"ResponseHeaders":[{"Name":"Cache-Control","Value":"no-cache"},{"Name":"Content-Encoding","Value":"br"},{"Name":"Content-Length","Value":"47530"},{"Name":"Content-Type","Value":"text/javascript"},{"Name":"ETag","Value":"\"/DRPwpRheh2JU5SVaNhWFHcdYAKO9LZyeW7c5PhwKeQ=\""},{"Name":"Last-Modified","Value":"Mon, 09 Feb 2026 23:26:10 GMT"},{"Name":"Vary","Value":"Accept-Encoding"}],"EndpointProperties":[{"Name":"integrity","Value":"sha256-/DRPwpRheh2JU5SVaNhWFHcdYAKO9LZyeW7c5PhwKeQ="}]},{"Route":"_framework/blazor.web.js.gz","AssetFile":"_framework/blazor.web.js.gz","Selectors":[],"ResponseHeaders":[{"Name":"Cache-Control","Value":"no-cache"},{"Name":"Content-Encoding","Value":"gzip"},{"Name":"Content-Length","Value":"55628"},{"Name":"Content-Type","Value":"text/javascript"},{"Name":"ETag","Value":"\"njY5hJga4Ab2LAKKiY53Yt9zLWTgbw9gGNPZwxxC8I4=\""},{"Name":"Last-Modified","Value":"Mon, 09 Feb 2026 23:26:07 GMT"},{"Name":"Vary","Value":"Accept-Encoding"}],"EndpointProperties":[{"Name":"integrity","Value":"sha256-njY5hJga4Ab2LAKKiY53Yt9zLWTgbw9gGNPZwxxC8I4="}]},{"Route":"app.css","AssetFile":"app.css.br","Selectors":[{"Name":"Content-Encoding","Value":"br","Quality":"0.002024291498"}],"ResponseHeaders":[{"Name":"Cache-Control","Value":"no-cache"},{"Name":"Content-Encoding","Value":"br"},{"Name":"Content-Length","Value":"493"},{"Name":"Content-Type","Value":"text/css"},{"Name":"ETag","Value":"\"C0fOCGTeBd4ctJgnkZzkzsPQCdxNTjs7NcH+IDcNJOs=\""},{"Name":"Last-Modified","Value":"Mon, 09 Feb 2026 23:26:10 GMT"},{"Name":"Vary","Value":"Accept-Encoding"}],"EndpointProperties":[{"Name":"integrity","Value":"sha256-iqbraONYeoxrqmgBpBq352EkmJ3ZKaoNS+dtcbA+3jc="},{"Name":"original-resource","Value":"\"iqbraONYeoxrqmgBpBq352EkmJ3ZKaoNS+dtcbA+3jc=\""}]},{"Route":"app.css","AssetFile":"app.css.gz","Selectors":[{"Name":"Content-Encoding","Value":"gzip","Quality":"0.001652892562"}],"ResponseHeaders":[{"Name":"Cache-Control","Value":"no-cache"},{"Name":"Content-Encoding","Value":"gzip"},{"Name":"Content-Length","Value":"604"},{"Name":"Content-Type","Value":"text/css"},{"Name":"ETag","Value":"\"nWnBblD/evwQJ37QNAZsqVl1rNj6y568zX2iaLVYXcs=\""},{"Name":"Last-Modified","Value":"Mon, 09 Feb 2026 23:26:07 GMT"},{"Name":"Vary","Value":"Accept-Encoding"}],"EndpointProperties":[{"Name":"integrity","Value":"sha256-iqbraONYeoxrqmgBpBq352EkmJ3ZKaoNS+dtcbA+3jc="},{"Name":"original-resource","Value":"\"iqbraONYeoxrqmgBpBq352EkmJ3ZKaoNS+dtcbA+3jc=\""}]},{"Route":"app.css","AssetFile":"app.css","Selectors":[],"ResponseHeaders":[{"Name":"Cache-Control","Value":"no-cache"},{"Name":"Content-Length","Value":"1549"},{"Name":"Content-Type","Value":"text/css"},{"Name":"ETag","Value":"\"iqbraONYeoxrqmgBpBq352EkmJ3ZKaoNS+dtcbA+3jc=\""},{"Name":"Last-Modified","Value":"Mon, 09 Feb 2026 05:54:50 GMT"},{"Name":"Vary","Value":"Accept-Encoding"}],"EndpointProperties":[{"Name":"integrity","Value":"sha256-iqbraONYeoxrqmgBpBq352EkmJ3ZKaoNS+dtcbA+3jc="}]},{"Route":"app.css.br","AssetFile":"app.css.br","Selectors":[],"ResponseHeaders":[{"Name":"Cache-Control","Value":"no-cache"},{"Name":"Content-Encoding","Value":"br"},{"Name":"Content-Length","Value":"493"},{"Name":"Content-Type","Value":"text/css"},{"Name":"ETag","Value":"\"C0fOCGTeBd4ctJgnkZzkzsPQCdxNTjs7NcH+IDcNJOs=\""},{"Name":"Last-Modified","Value":"Mon, 09 Feb 2026 23:26:10 GMT"},{"Name":"Vary","Value":"Accept-Encoding"}],"EndpointProperties":[{"Name":"integrity","Value":"sha256-C0fOCGTeBd4ctJgnkZzkzsPQCdxNTjs7NcH+IDcNJOs="}]},{"Route":"app.css.gz","AssetFile":"app.css.gz","Selectors":[],"ResponseHeaders":[{"Name":"Cache-Control","Value":"no-cache"},{"Name":"Content-Encoding","Value":"gzip"},{"Name":"Content-Length","Value":"604"},{"Name":"Content-Type","Value":"text/css"},{"Name":"ETag","Value":"\"nWnBblD/evwQJ37QNAZsqVl1rNj6y568zX2iaLVYXcs=\""},{"Name":"Last-Modified","Value":"Mon, 09 Feb 2026 23:26:07 GMT"},{"Name":"Vary","Value":"Accept-Encoding"}],"EndpointProperties":[{"Name":"integrity","Value":"sha256-nWnBblD/evwQJ37QNAZsqVl1rNj6y568zX2iaLVYXcs="}]},{"Route":"app.y6p0z1889b.css","AssetFile":"app.css.br","Selectors":[{"Name":"Content-Encoding","Value":"br","Quality":"0.002024291498"}],"ResponseHeaders":[{"Name":"Cache-Control","Value":"max-age=31536000, immutable"},{"Name":"Content-Encoding","Value":"br"},{"Name":"Content-Length","Value":"493"},{"Name":"Content-Type","Value":"text/css"},{"Name":"ETag","Value":"\"C0fOCGTeBd4ctJgnkZzkzsPQCdxNTjs7NcH+IDcNJOs=\""},{"Name":"Last-Modified","Value":"Mon, 09 Feb 2026 23:26:10 GMT"},{"Name":"Vary","Value":"Accept-Encoding"}],"EndpointProperties":[{"Name":"fingerprint","Value":"y6p0z1889b"},{"Name":"integrity","Value":"sha256-iqbraONYeoxrqmgBpBq352EkmJ3ZKaoNS+dtcbA+3jc="},{"Name":"label","Value":"app.css"},{"Name":"original-resource","Value":"\"iqbraONYeoxrqmgBpBq352EkmJ3ZKaoNS+dtcbA+3jc=\""}]},{"Route":"app.y6p0z1889b.css","AssetFile":"app.css.gz","Selectors":[{"Name":"Content-Encoding","Value":"gzip","Quality":"0.001652892562"}],"ResponseHeaders":[{"Name":"Cache-Control","Value":"max-age=31536000, immutable"},{"Name":"Content-Encoding","Value":"gzip"},{"Name":"Content-Length","Value":"604"},{"Name":"Content-Type","Value":"text/css"},{"Name":"ETag","Value":"\"nWnBblD/evwQJ37QNAZsqVl1rNj6y568zX2iaLVYXcs=\""},{"Name":"Last-Modified","Value":"Mon, 09 Feb 2026 23:26:07 GMT"},{"Name":"Vary","Value":"Accept-Encoding"}],"EndpointProperties":[{"Name":"fingerprint","Value":"y6p0z1889b"},{"Name":"integrity","Value":"sha256-iqbraONYeoxrqmgBpBq352EkmJ3ZKaoNS+dtcbA+3jc="},{"Name":"label","Value":"app.css"},{"Name":"original-resource","Value":"\"iqbraONYeoxrqmgBpBq352EkmJ3ZKaoNS+dtcbA+3jc=\""}]},{"Route":"app.y6p0z1889b.css","AssetFile":"app.css","Selectors":[],"ResponseHeaders":[{"Name":"Cache-Control","Value":"max-age=31536000, immutable"},{"Name":"Content-Length","Value":"1549"},{"Name":"Content-Type","Value":"text/css"},{"Name":"ETag","Value":"\"iqbraONYeoxrqmgBpBq352EkmJ3ZKaoNS+dtcbA+3jc=\""},{"Name":"Last-Modified","Value":"Mon, 09 Feb 2026 05:54:50 GMT"},{"Name":"Vary","Value":"Accept-Encoding"}],"EndpointProperties":[{"Name":"fingerprint","Value":"y6p0z1889b"},{"Name":"integrity","Value":"sha256-iqbraONYeoxrqmgBpBq352EkmJ3ZKaoNS+dtcbA+3jc="},{"Name":"label","Value":"app.css"}]},{"Route":"app.y6p0z1889b.css.br","AssetFile":"app.css.br","Selectors":[],"ResponseHeaders":[{"Name":"Cache-Control","Value":"max-age=31536000, immutable"},{"Name":"Content-Encoding","Value":"br"},{"Name":"Content-Length","Value":"493"},{"Name":"Content-Type","Value":"text/css"},{"Name":"ETag","Value":"\"C0fOCGTeBd4ctJgnkZzkzsPQCdxNTjs7NcH+IDcNJOs=\""},{"Name":"Last-Modified","Value":"Mon, 09 Feb 2026 23:26:10 GMT"},{"Name":"Vary","Value":"Accept-Encoding"}],"EndpointProperties":[{"Name":"fingerprint","Value":"y6p0z1889b"},{"Name":"integrity","Value":"sha256-C0fOCGTeBd4ctJgnkZzkzsPQCdxNTjs7NcH+IDcNJOs="},{"Name":"label","Value":"app.css.br"}]},{"Route":"app.y6p0z1889b.css.gz","AssetFile":"app.css.gz","Selectors":[],"ResponseHeaders":[{"Name":"Cache-Control","Value":"max-age=31536000, immutable"},{"Name":"Content-Encoding","Value":"gzip"},{"Name":"Content-Length","Value":"604"},{"Name":"Content-Type","Value":"text/css"},{"Name":"ETag","Value":"\"nWnBblD/evwQJ37QNAZsqVl1rNj6y568zX2iaLVYXcs=\""},{"Name":"Last-Modified","Value":"Mon, 09 Feb 2026 23:26:07 GMT"},{"Name":"Vary","Value":"Accept-Encoding"}],"EndpointProperties":[{"Name":"fingerprint","Value":"y6p0z1889b"},{"Name":"integrity","Value":"sha256-nWnBblD/evwQJ37QNAZsqVl1rNj6y568zX2iaLVYXcs="},{"Name":"label","Value":"app.css.gz"}]}]}